{"epoch_list": [1], "train_loss_list": [0.0301852942821348], "val_loss_list": [0.006055236457743579]}